"DATASET","SERIES_CODE","OBS_MEASURE","COUNTRY.Name","INDEX_TYPE.Name","COICOP_1999.Name","TYPE_OF_TRANSFORMATION.Name","FREQUENCY.Name","SCALE.Name","2004","2005","2006","2007","2008","2009","2010","2011","2012","2013","2014","2015","2016","2017","2018","2019","2020","2021"
"IMF.STA:CPI(1.0.0)","ABW.CPI.CP01.IX.A","OBS_VALUE","Aruba, Kingdom of the Netherlands","Consumer price index (CPI)","Food and non-alcoholic beverages","Index","Annual","Units","74.24925","77.0331666666667","81.0208333333333","92.0969166666667","102.37825","107.107","104.656666666667","109.146583333333","112.054083333333","112.2545","114.667583333333","117.160721097841","116.912666666667","124.931083333333","139.228833333333","157.07725","",""
"IMF.STA:CPI(1.0.0)","AFG.CPI.CP01.IX.A","OBS_VALUE","Afghanistan, Islamic Republic of","Consumer price index (CPI)","Food and non-alcoholic beverages","Index","Annual","Units","","52.0237102595753","55.2806920041475","62.0995680202287","87.6031052508499","75.9058344525821","75.6926154268071","83.7698620352888","87.7343889438272","94.3779338386498","101.679791252288","100.821893365486","106.53801604295","113.930398014792","112.676031527264","116.928527339734","",""
"IMF.STA:CPI(1.0.0)","AGO.CPI.CP01.IX.A","OBS_VALUE","Angola","Consumer price index (CPI)","Food and non-alcoholic beverages","Index","Annual","Units","","","","","","","","","","","","30.18879116006898","40.29625395602222","51.53094334175958","59.70732432491308","69.59032661243728","88.6100562121083","117.1145057069192"
"IMF.STA:CPI(1.0.0)","AIA.CPI.CP01.IX.A","OBS_VALUE","Anguilla, United Kingdom-British Overseas Territory","Consumer price index (CPI)","Food and non-alcoholic beverages","Index","Annual","Units","","","","","","","100.705","106.2075","109.0475","110.95","112.8525","112.1425","111.8280425","113.1","114.22","116.8475","117.445","121.225"
"IMF.STA:CPI(1.0.0)","ALB.CPI.CP01.IX.A","OBS_VALUE","Albania","Consumer price index (CPI)","Food and non-alcoholic beverages","Index","Annual","Units","","","","62.39166666666668","65.65","68.85833333333332","72.43494094104815","75.60802527085438","77.38759383381262","80.6700458803016","82.44107469169899","85.97380502664159","88.77398064337746","92.23964971049205","94.71152847541552","97.47719950839942","100.990995888348","104.9302194880495"
"IMF.STA:CPI(1.0.0)","ARE.CPI.CP01.IX.A","OBS_VALUE","United Arab Emirates","Consumer price index (CPI)","Food and non-alcoholic beverages","Index","Annual","Units","","","","","","","","","","","","","","","","","",""
"IMF.STA:CPI(1.0.0)","ARG.CPI.CP01.IX.A","OBS_VALUE","Argentina","Consumer price index (CPI)","Food and non-alcoholic beverages","Index","Annual","Units","","","","","","","","","","","","","","111.6830416666667","148.2411583333333","234.7589666666667","345.00895","516.9814833333332"
"IMF.STA:CPI(1.0.0)","ARM.CPI.CP01.IX.A","OBS_VALUE","Armenia, Republic of","Consumer price index (CPI)","Food and non-alcoholic beverages","Index","Annual","Units","","","","","","","99.23585037030885","111.4446107199034","113.6610316744046","120.2645959920801","122.3392902472485","126.1089587896912","121.9600793920723","126.9376725234585","129.9052903236772","132.3394883759899","132.7002413335219","147.5800571209866"
"IMF.STA:CPI(1.0.0)","ATG.CPI.CP01.IX.A","OBS_VALUE","Antigua and Barbuda","Consumer price index (CPI)","Food and non-alcoholic beverages","Index","Annual","Units","","","","","","","","","","","","","","","","101.0483333333334","103.2083333333333","104.4391666666667"
"IMF.STA:CPI(1.0.0)","AUS.CPI.CP01.IX.A","OBS_VALUE","Australia","Consumer price index (CPI)","Food and non-alcoholic beverages","Index","Annual","Units","75.780985","77.225245","84.833715","86.238935","89.90566","92.9194575","93.97796","99.3668625","95.69317","95.90372","98.435285","99.00092","99.239245","99.30983","99.702245","102.431775","106.566525","107.45215"
"IMF.STA:CPI(1.0.0)","AUT.CPI.CP01.IX.A","OBS_VALUE","Austria","Consumer price index (CPI)","Food and non-alcoholic beverages","Index","Annual","Units","69.63423416666669","71.08570999999998","72.394655","75.42713666666666","80.17724083333331","80.34307833333335","80.72806416666668","84.17482833333335","86.88710416666665","89.89551083333332","91.65883","92.41573083333331","93.09344583333332","95.29602083333332","96.74386750000002","97.72963583333335","100.0083333333333","100.7916666666667"
"IMF.STA:CPI(1.0.0)","AZE.CPI.CP01.IX.A","OBS_VALUE","Azerbaijan, Republic of","Consumer price index (CPI)","Food and non-alcoholic beverages","Index","Annual","Units","","55.75515336352598","62.662469857108","73.22947585163648","94.64259500362068","93.0406689765652","100.0","110.6051440025797","111.345273367728","113.5994477199111","114.3689981547688","119.8084186346988","136.2388740998409","159.7207435918733","162.8907206838075","168.2574781907335","175.9681680102654","190.3236580508966"
"IMF.STA:CPI(1.0.0)","BDI.CPI.CP01.IX.A","OBS_VALUE","Burundi","Consumer price index (CPI)","Food and non-alcoholic beverages","Index","Annual","Units","30.57776420858592","36.02796755845525","36.21743583498672","39.4424143338275","52.93901230073585","58.7998789299969","62.44626908740722","68.16193489533562","77.4965979951307","84.85721294678035","86.8130876189601","91.83710207442752","98.42858546331615","122.0124738948445","108.6","105.175","117.9","130.15"
"IMF.STA:CPI(1.0.0)","BEL.CPI.CP01.IX.A","OBS_VALUE","Belgium","Consumer price index (CPI)","Food and non-alcoholic beverages","Index","Annual","Units","77.41621000000002","78.78289083333335","80.79666666666665","83.95333333333332","89.05416666666667","89.80833333333335","91.29999999999998","93.78416666666668","96.69166666666665","100.0","99.6241666666667","100.8216666666667","103.0808333333334","104.38","106.6341666666667","107.4591666666667","110.5558333333334","110.12"
"IMF.STA:CPI(1.0.0)","BEN.CPI.CP01.IX.A","OBS_VALUE","Benin","Consumer price index (CPI)","Food and non-alcoholic beverages","Index","Annual","Units","","","","","82.93512987915045","85.37991387692792","88.83844978469295","93.8602583692186","98.26364772885195","100.7806639811092","99.9965272954584","100.4132518405341","99.95346575913392","99.76524517294138","101.033123813493","100.3833333333333","103.3666666666667","109.4838536201663"
"IMF.STA:CPI(1.0.0)","BFA.CPI.CP01.IX.A","OBS_VALUE","Burkina Faso","Consumer price index (CPI)","Food and non-alcoholic beverages","Index","Annual","Units","","","","","","","","","","","","103.1541666666666","104.1583333333333","105.5333333333333","109.06","102.0891666666666","105.875","113.0975"
"IMF.STA:CPI(1.0.0)","BGD.CPI.CP01.IX.A","OBS_VALUE","Bangladesh","Consumer price index (CPI)","Food and non-alcoholic beverages","Index","Annual","Units","","","","","","","","53.89540612285868","55.7194546249149","60.1383494375535","64.89922322671126","68.8281770380628","71.93118873971223","77.09133430264939","81.87910849827507","86.4317532151436","91.42152953711685","96.2683351802695"
"IMF.STA:CPI(1.0.0)","BGR.CPI.CP01.IX.A","OBS_VALUE","Bulgaria","Consumer price index (CPI)","Food and non-alcoholic beverages","Index","Annual","Units","3379.02153960433","3515.046709166482","3705.79365809084","4204.077755951442","4906.644704348675","4875.559524491892","4857.235163893968","5194.040931415395","5350.021012934252","5499.263969065315","5445.122470406002","5462.830133268472","5450.078364134022","5667.402527920428","5791.906934377142","6092.519241592525","6419.383650742795","6597.466114271955"
"IMF.STA:CPI(1.0.0)","BHR.CPI.CP01.IX.A","OBS_VALUE","Bahrain, Kingdom of","Consumer price index (CPI)","Food and non-alcoholic beverages","Index","Annual","Units","","","","","","","83.17438788287845","85.04705087683328","88.289282038433","90.3622616864851","92.94343180790098","95.20059167414932","96.4247488658075","97.39824499821152","99.45659124731685","101.8221118263774","105.4333333333334","105.35"
"IMF.STA:CPI(1.0.0)","BHS.CPI.CP01.IX.A","OBS_VALUE","Bahamas, The","Consumer price index (CPI)","Food and non-alcoholic beverages","Index","Annual","Units","","","","","","","","","","98.41333333333336","","106.4691666666666","","","107.8675","108.02","109.7741666666667","112.0625"
"IMF.STA:CPI(1.0.0)","BLR.CPI.CP01.IX.A","OBS_VALUE","Belarus, Republic of","Consumer price index (CPI)","Food and non-alcoholic beverages","Index","Annual","Units","","7.978869844517835","8.51406185711677","9.372660433689916","11.21565982683808","12.81718204530887","13.96205973173436","23.02716557813739","36.31406820759978","40.62094893326112","47.48135382126318","53.36178527768612","59.08801242783158","63.25955797294108","65.79646627564259","69.97551628520365","72.96652539347268","79.98534428746468"
"IMF.STA:CPI(1.0.0)","BLZ.CPI.CP01.IX.A","OBS_VALUE","Belize","Consumer price index (CPI)","Food and non-alcoholic beverages","Index","Annual","Units","","","","","","","","","97.03025991063045","98.45118830976915","99.21928373103425","98.84050928602397","98.9135626759887","97.79446519231442","97.29067087499217","97.91507593111233","99.0188587944673","103.7739374215815"
"IMF.STA:CPI(1.0.0)","BOL.CPI.CP01.IX.A","OBS_VALUE","Bolivia","Consumer price index (CPI)","Food and non-alcoholic beverages","Index","Annual","Units","","39.185","41.47916666666665","47.52583333333335","59.69666666666668","60.46166666666668","62.24416666666665","70.91999999999997","73.69916666666668","80.22","86.73583333333332","90.7375","95.73999999999998","98.94333333333336","101.4616666666667","104.8758473696167","104.1888181530417","104.8215538178"
"IMF.STA:CPI(1.0.0)","BRA.CPI.CP01.IX.A","OBS_VALUE","Brazil","Consumer price index (CPI)","Food and non-alcoholic beverages","Index","Annual","Units","","","","","","","","","","","","","","","","","",""
"IMF.STA:CPI(1.0.0)","BRB.CPI.CP01.IX.A","OBS_VALUE","Barbados","Consumer price index (CPI)","Food and non-alcoholic beverages","Index","Annual","Units","","","","","","","","","","","58.60453569916978","60.24983324568935","65.21039480095781","69.25852506162698","70.35224584826236","74.56110679344815","",""
"IMF.STA:CPI(1.0.0)","BRN.CPI.CP01.IX.A","OBS_VALUE","Brunei Darussalam","Consumer price index (CPI)","Food and non-alcoholic beverages","Index","Annual","Units","","","","","","","99.9829575260897","99.99225061421838","99.99077950760342","100.096072524171","99.87132281339407","100.7739658333333","100.2570833333333","100.5338891666666","102.450555","101.7306741666667","104.2802141666667","106.7640025"
"IMF.STA:CPI(1.0.0)","BTN.CPI.CP01.IX.A","OBS_VALUE","Bhutan","Consumer price index (CPI)","Food and non-alcoholic beverages","Index","Annual","Units","","","","","","","","","","72.55977655185812","79.87460988871105","82.4903149557674","85.8058235298233","92.20599390711816","96.76305022680248","100.2869437822361","111.6742930298894","121.5723780611314"
"IMF.STA:CPI(1.0.0)","BWA.CPI.CP01.IX.A","OBS_VALUE","Botswana","Consumer price index (CPI)","Food and non-alcoholic beverages","Index","Annual","Units","","","","","","","74.8470722930978","79.99509322865555","86.3501799149493","91.0107948969578","93.76594700686948","95.01390251880927","97.57278377494275","100.9322865554466","100.4131910369644","101.8166666666667","105.6166666666667","113.1549333333333"
"IMF.STA:CPI(1.0.0)","CAF.CPI.CP01.IX.A","OBS_VALUE","Central African Republic","Consumer price index (CPI)","Food and non-alcoholic beverages","Index","Annual","Units","","","","","","","","","","","","","","","","","100.8811221084324","106.2929735184224"
"IMF.STA:CPI(1.0.0)","CAN.CPI.CP01.IX.A","OBS_VALUE","Canada","Consumer price index (CPI)","Food and non-alcoholic beverages","Index","Annual","Units","103.2416666666667","105.6083333333333","108.0083333333333","110.85","115.2083333333333","121.5166666666667","122.6666666666667","127.8666666666666","130.875","132.3","135.625","141.1916666666666","142.625","141.1833333333333","142.325","147.5583333333333","151.1","154.4166666666666"
"IMF.STA:CPI(1.0.0)","CHE.CPI.CP01.IX.A","OBS_VALUE","Switzerland","Consumer price index (CPI)","Food and non-alcoholic beverages","Index","Annual","Units","100.7878083333333","100.0729416666667","100.0307416666667","100.5518916666667","103.6718833333333","103.4793916666666","102.3339666666667","99.0039","98.0347","99.23375833333333","100.1472","99.34755833333332","99.73546666666665","100.14945","101.4133583333334","101.5271333333334","101.6210333333333","100.004275"
"IMF.STA:CPI(1.0.0)","CHL.CPI.CP01.IX.A","OBS_VALUE","Chile","Consumer price index (CPI)","Food and non-alcoholic beverages","Index","Annual","Units","46.0455825","47.36834333333335","48.598755","53.244455","62.39041916666668","65.12018083333332","66.54916666666668","71.005","76.41916666666668","79.80583333333333","85.37583333333332","91.45333333333332","94.94583333333333","96.85500000000002","99.8125","102.3766666666666","109.2758333333333","115.1833333333333"
"IMF.STA:CPI(1.0.0)","CHN.CPI.CP01.IX.A","OBS_VALUE","China, People's Republic of","Consumer price index (CPI)","Food and non-alcoholic beverages","Index","Annual","Units","","","","","","","","","","","","","","","","","",""
"IMF.STA:CPI(1.0.0)","CIV.CPI.CP01.IX.A","OBS_VALUE","Côte d'Ivoire","Consumer price index (CPI)","Food and non-alcoholic beverages","Index","Annual","Units","71.54328654691717","73.29774647294136","75.4981286393873","79.5714126984298","88.79935535858198","91.79706813207191","97.11609664683021","107.0387091525347","106.724872400122","108.7888682292667","106.497952264765","108.6659911361808","111.9907869997316","112.3755842062855","111.8363886650552","107.825","112.3390362771676","120.9655108807003"
"IMF.STA:CPI(1.0.0)","CMR.CPI.CP01.IX.A","OBS_VALUE","Cameroon","Consumer price index (CPI)","Food and non-alcoholic beverages","Index","Annual","Units","","","","","","","","","73.47783827981581","75.86970451263792","76.44411654843968","77.99822683183878","78.83896778483212","78.85958870140254","79.82691433188629","82.12477342831565","85.05039815418198","88.66631972351362"
"IMF.STA:CPI(1.0.0)","COD.CPI.CP01.IX.A","OBS_VALUE","Congo, Democratic Republic of the","Consumer price index (CPI)","Food and non-alcoholic beverages","Index","Annual","Units","","","","","","","","","118.487708333333","119.343843862838","120.996383823135","122.010376329392","125.70385202519","","","","",""
"IMF.STA:CPI(1.0.0)","COG.CPI.CP01.IX.A","OBS_VALUE","Congo, Republic of","Consumer price index (CPI)","Food and non-alcoholic beverages","Index","Annual","Units","","","80.2179410797288","82.02304443359722","83.1359252623834","86.1083352227564","85.76101081073118","88.10339929899239","95.6846416928483","101.1043443287836","98.77791791800831","101.6888885933209","102.1827855615466","100.9289398846326","","100.7084920773454","102.966199505387","106.0083333333333"
"IMF.STA:CPI(1.0.0)","COL.CPI.CP01.IX.A","OBS_VALUE","Colombia","Consumer price index (CPI)","Food and non-alcoholic beverages","Index","Annual","Units","50.34259583333335","53.54886666666668","56.53782166666668","61.29735250000002","68.89620916666668","71.35969583333335","71.50754166666668","74.77259333333332","77.33167166666665","77.6517025","79.9560625","86.8590425","98.24545833333335","98.9217425","99.7429058333333","104.6130333333333","110.42065","121.1598833333334"
"IMF.STA:CPI(1.0.0)","COM.CPI.CP01.IX.A","OBS_VALUE","Comoros, Union of the","Consumer price index (CPI)","Food and non-alcoholic beverages","Index","Annual","Units","","","","","","","139.27411920752","142.121208006185","153.328318962927","156.455014288674","","","","","","","",""
"IMF.STA:CPI(1.0.0)","CPV.CPI.CP01.IX.A","OBS_VALUE","Cabo Verde","Consumer price index (CPI)","Food and non-alcoholic beverages","Index","Annual","Units","","","77.13270476664282","81.00115464246657","88.36673721580638","90.11530356456441","92.09341144173085","96.8935298740357","99.46439439472007","100.13411543634","98.94927690059107","100.3886367724595","99.73989885483049","99.55331072908415","100.0000000000001","101.3899994913738","103.042499593099","103.6216668955484"
"IMF.STA:CPI(1.0.0)","CRI.CPI.CP01.IX.A","OBS_VALUE","Costa Rica","Consumer price index (CPI)","Food and non-alcoholic beverages","Index","Annual","Units","35.82508333333335","42.20083333333332","47.094","54.20691666666668","67.15775000000002","72.64191666666667","76.01016666666665","80.26616666666668","83.10308333333332","86.28299999999999","89.969","92.83316666666668","92.0785","93.62933333333332","95.15733333333336","95.91616666666665","96.37958333333334","98.53975"
"IMF.STA:CPI(1.0.0)","CUW.CPI.CP01.IX.A","OBS_VALUE","Curaçao, Kingdom of the Netherlands","Consumer price index (CPI)","Food and non-alcoholic beverages","Index","Annual","Units","","","","","","","","","","","","","","","","","",""
"IMF.STA:CPI(1.0.0)","CYM.CPI.CP01.IX.A","OBS_VALUE","Cayman Islands","Consumer price index (CPI)","Food and non-alcoholic beverages","Index","Annual","Units","","","","","","105.85065","109.003875","112.7974","117.583175","121.3873","124.24695","126.232525","126.32555","","","","",""
"IMF.STA:CPI(1.0.0)","CYP.CPI.CP01.IX.A","OBS_VALUE","Cyprus","Consumer price index (CPI)","Food and non-alcoholic beverages","Index","Annual","Units","76.68266169381081","77.90010328410575","81.8041072810892","86.3517794531865","92.90755690282121","96.33571200895092","96.56664086334868","100.5054414644142","101.3257267753875","101.5371405153291","100.060496854814","100.0","99.74","99.44916666666668","100.1716666666667","100.7091666666666","101.9383333333334","101.5459835398266"
"IMF.STA:CPI(1.0.0)","CZE.CPI.CP01.IX.A","OBS_VALUE","Czech Republic","Consumer price index (CPI)","Food and non-alcoholic beverages","Index","Annual","Units","76.075","75.88333333333333","76.53333333333332","80.15833333333332","86.65833333333332","83.21666666666668","84.44166666666668","88.35","94.45833333333331","99.1","101.1","99.98333333333332","99.05","104.1833333333333","105.55","108.525","113.45","114.3583333333333"
"IMF.STA:CPI(1.0.0)","DEU.CPI.CP01.IX.A","OBS_VALUE","Germany","Consumer price index (CPI)","Food and non-alcoholic beverages","Index","Annual","Units","72.47318000000001","72.51387583333332","73.985725","76.79376000000002","81.46025833333331","80.39537583333332","81.39921666666665","83.6442925","86.4930275","89.8301175","90.75934583333331","91.300365","92.03837833333333","94.57957","96.7403475","97.90442666666668","100.0","103.0916666666666"
"IMF.STA:CPI(1.0.0)","DJI.CPI.CP01.IX.A","OBS_VALUE","Djibouti","Consumer price index (CPI)","Food and non-alcoholic beverages","Index","Annual","Units","","","","","","","","","","","","","","","","","",""
"IMF.STA:CPI(1.0.0)","DMA.CPI.CP01.IX.A","OBS_VALUE","Dominica","Consumer price index (CPI)","Food and non-alcoholic beverages","Index","Annual","Units","","","","","","","","103.3625","107.2333333333333","108.94","110.1236851666666","110.9133333333334","111.015","110.765","113.1591666666666","115.2873550083333","115.9558333333333","117.3816666666667"
"IMF.STA:CPI(1.0.0)","DNK.CPI.CP01.IX.A","OBS_VALUE","Denmark","Consumer price index (CPI)","Food and non-alcoholic beverages","Index","Annual","Units","78.70833333333331","79.21666666666668","81.375","85.00833333333333","91.44166666666668","91.35833333333332","91.7","95.33333333333331","99.425","99.85","98.98333333333335","100.0083333333333","100.1083333333333","102.9166666666667","102.9583333333333","104.3916666666666","105.0583333333333","105.6666666666667"
"IMF.STA:CPI(1.0.0)","DOM.CPI.CP01.IX.A","OBS_VALUE","Dominican Republic","Consumer price index (CPI)","Food and non-alcoholic beverages","Index","Annual","Units","50.7096816058869","49.28913974498598","50.9037969692088","53.04245995593398","61.4197279812305","63.42170771096838","66.06504074671771","69.68771638388633","73.1753231632814","76.57785310361865","79.57103569692384","84.93114836855273","86.75717458194032","88.76422691293972","91.96779121049644","95.4187035065918","101.4807581474064","111.5003333333334"
"IMF.STA:CPI(1.0.0)","DZA.CPI.CP01.IX.A","OBS_VALUE","Algeria","Consumer price index (CPI)","Food and non-alcoholic beverages","Index","Annual","Units","","107.75","112.2925","119.4316666666667","128.395","138.9608333333334","144.8483333333333","150.9625","169.4133333333333","174.7983333333333","181.6125","190.1566666666666","196.605","206.4608333333334","213.4333333333333","212.2441666666667","212.68","234.2208333333333"
"IMF.STA:CPI(1.0.0)","ECU.CPI.CP01.IX.A","OBS_VALUE","Ecuador","Consumer price index (CPI)","Food and non-alcoholic beverages","Index","Annual","Units","","58.77862602445775","62.1169670528017","64.13842807345955","74.93824302663548","79.34883550279825","83.18069705519486","88.7750994708168","93.93408713519987","95.60857981716379","99.93107528494895","104.1381757839648","106.7787576647522","107.3103718111578","105.5618286466578","105.6086815141947","106.4116135230373","105.5034015409931"
"IMF.STA:CPI(1.0.0)","EGY.CPI.CP01.IX.A","OBS_VALUE","Egypt, Arab Republic of","Consumer price index (CPI)","Food and non-alcoholic beverages","Index","Annual","Units","","","","","","","29.09921999010825","33.6069578680513","36.6997550784979","41.2554926505116","46.3321442040153","51.27749263852448","59.821243315137","82.93887799177915","93.9735813055055","100.6181605813422","100.4344272742992","105.0258507838053"
"IMF.STA:CPI(1.0.0)","ESP.CPI.CP01.IX.A","OBS_VALUE","Spain","Consumer price index (CPI)","Food and non-alcoholic beverages","Index","Annual","Units","72.67816666666668","74.97350000000002","78.05683333333332","80.93875","85.69716666666667","84.79625","84.08749999999998","85.81333333333332","87.81025","90.25708333333333","89.94233333333332","90.99774999999998","92.27225","93.407","94.94566666666668","95.92766666666668","98.18675","99.99983333333331"
"IMF.STA:CPI(1.0.0)","EST.CPI.CP01.IX.A","OBS_VALUE","Estonia, Republic of","Consumer price index (CPI)","Food and non-alcoholic beverages","Index","Annual","Units","118.05","122.2333333333333","128.4","140.3916666666666","160.3083333333333","153.8583333333333","158.5333333333333","173.8833333333333","180.55","188.0333333333334","188.0666666666667","187.0525","187.125","197.825","203.7916666666666","209.9666666666666","214.4583333333334","218.4"
"IMF.STA:CPI(1.0.0)","ETH.CPI.CP01.IX.A","OBS_VALUE","Ethiopia, The Federal Democratic Republic of","Consumer price index (CPI)","Food and non-alcoholic beverages","Index","Annual","Units","15.96761912442997","18.01736775872622","20.46919712689829","24.96328080707701","39.94356743480358","41.26088271354788","41.88482652618398","58.2925611112099","74.6780281696961","78.97401164268742","83.26036346563932","93.34690670066125","99.46841505242315","110.7330937470241","124.5708799791069","148.1559866267799","182.3752843743962","240.3416666666667"
"IMF.STA:CPI(1.0.0)","FIN.CPI.CP01.IX.A","OBS_VALUE","Finland","Consumer price index (CPI)","Food and non-alcoholic beverages","Index","Annual","Units","77.62075333333333","78.05975833333332","79.12792083333332","80.7659425","87.70964666666669","89.48167916666665","86.42298583333331","91.85282416666665","96.5919625","101.7473941666667","101.9008083333333","99.99583333333335","98.85","97.94583333333335","99.8375","101.0475","102.725","103.31"
"IMF.STA:CPI(1.0.0)","FRA.CPI.CP01.IX.A","OBS_VALUE","France","Consumer price index (CPI)","Food and non-alcoholic beverages","Index","Annual","Units","86.43583333333332","86.57166666666664","88.02083333333331","89.29833333333332","93.82083333333333","93.89416666666668","94.63083333333331","96.51083333333332","99.29916666666668","100.4408333333333","99.59833333333334","100.0","100.5541666666667","101.6475","103.6475","106.1858333333334","108.3325","108.9983333333334"
"IMF.STA:CPI(1.0.0)","FSM.CPI.CP01.IX.A","OBS_VALUE","Micronesia, Federated States of","Consumer price index (CPI)","Food and non-alcoholic beverages","Index","Annual","Units","","","","","","","","","","","","","","100.24725","99.21025","100.5365","101.25075","102.92675"
"IMF.STA:CPI(1.0.0)","GAB.CPI.CP01.IX.A","OBS_VALUE","Gabon","Consumer price index (CPI)","Food and non-alcoholic beverages","Index","Annual","Units","","","","","","","82.15383511321492","85.4619945308068","90.3139142378459","89.93807559980448","92.63506288827269","95.25662852845848","95.1664280416635","94.46993765209588","97.91185159972775","100.9126089862225","102.8049324811575","104.197"
"IMF.STA:CPI(1.0.0)","GBR.CPI.CP01.IX.A","OBS_VALUE","United Kingdom","Consumer price index (CPI)","Food and non-alcoholic beverages","Index","Annual","Units","70.35833333333335","71.425","73.14166666666665","76.44166666666668","83.44166666666665","88.00833333333333","91.01666666666668","96.025","99.14166666666665","102.8416666666667","102.65","100.0","97.62499999999999","99.825","101.9","103.3","104.0416666666666","104.35"
"IMF.STA:CPI(1.0.0)","GEO.CPI.CP01.IX.A","OBS_VALUE","Georgia","Consumer price index (CPI)","Food and non-alcoholic beverages","Index","Annual","Units","","61.84605000000002","69.90173333333333","78.57489166666664","88.16605","89.524175","100.0000166666666","116.04015","110.83165","110.0478333333333","115.6909166666667","120.501175","122.48645","130.7838666666667","133.673725","144.5392833333333","159.7404","177.0091833333333"
"IMF.STA:CPI(1.0.0)","GHA.CPI.CP01.IX.A","OBS_VALUE","Ghana","Consumer price index (CPI)","Food and non-alcoholic beverages","Index","Annual","Units","","","","","","","","","","","","","","","","","",""
"IMF.STA:CPI(1.0.0)","GIN.CPI.CP01.IX.A","OBS_VALUE","Guinea","Consumer price index (CPI)","Food and non-alcoholic beverages","Index","Annual","Units","","","27.39072327044025","34.39622641509435","42.52358490566038","45.45361635220128","32.7172794319012","39.49820385961448","45.59284660820098","51.3226810797341","54.68798895951408","62.5642873108197","69.75241812707065","79.24830015436508","89.79994520393976","100.0","112.7009888701823","130.4823427518029"
"IMF.STA:CPI(1.0.0)","GLP.CPI.CP01.IX.A","OBS_VALUE","Guadeloupe","Consumer price index (CPI)","Food and non-alcoholic beverages","Index","Annual","Units","","","","","","","91.5316666666667","92.6166666666667","95.4608333333333","97.4625","98.1716666666667","99.9983333333333","101.178333333333","","","","",""
"IMF.STA:CPI(1.0.0)","GMB.CPI.CP01.IX.A","OBS_VALUE","Gambia, The","Consumer price index (CPI)","Food and non-alcoholic beverages","Index","Annual","Units","","39.79785600796292","40.52603533899495","43.7314156521846","46.35225976922098","48.8151550711594","52.04942136412735","55.38164295994838","58.17371602466612","62.0809807084253","66.30129334586458","71.78130874847268","77.6952455387212","84.4495280161855","89.8007285907177","95.90766744471112","102.1986304492958","112.0069499948879"
"IMF.STA:CPI(1.0.0)","GNB.CPI.CP01.IX.A","OBS_VALUE","Guinea-Bissau","Consumer price index (CPI)","Food and non-alcoholic beverages","Index","Annual","Units","","","","","","","","","","","","","","","","","111.2658333333333","117.1433333333333"
"IMF.STA:CPI(1.0.0)","GNQ.CPI.CP01.IX.A","OBS_VALUE","Equatorial Guinea, Republic of","Consumer price index (CPI)","Food and non-alcoholic beverages","Index","Annual","Units","","","","","","","117.2227023879464","125.5402189101005","130.4909928514671","136.5168752335386","142.5268421273286","144.627882668508","138.7605461690316","140.975","141.8414938578872","142.9775","149.6266666666667","147.7975"
"IMF.STA:CPI(1.0.0)","GRC.CPI.CP01.IX.A","OBS_VALUE","Greece","Consumer price index (CPI)","Food and non-alcoholic beverages","Index","Annual","Units","81.03016916666668","81.5285","84.57928833333332","87.320455","92.00471250000002","93.75854999999999","93.81689916666669","96.73849333333332","98.19485333333331","98.19883416666669","96.5471125","98.28679833333332","98.0695425","98.3814975","98.7736175","98.6665925","100.0000075","101.36112"
"IMF.STA:CPI(1.0.0)","GRD.CPI.CP01.IX.A","OBS_VALUE","Grenada","Consumer price index (CPI)","Food and non-alcoholic beverages","Index","Annual","Units","75.18750000000001","78.28750000000002","82.6975","88.225","100.9441666666666","102.3933333333333","105.7283333333333","110.4008333333334","113.7141666666667","114.7405833333334","115.6808333333334","116.8825","114.15","114.85381455","116.145401575","116.6115872666666","117.8270046166667","119.8124583333333"
"IMF.STA:CPI(1.0.0)","GTM.CPI.CP01.IX.A","OBS_VALUE","Guatemala","Consumer price index (CPI)","Food and non-alcoholic beverages","Index","Annual","Units","","","","","","","","","","","","","","","","","",""
"IMF.STA:CPI(1.0.0)","GUY.CPI.CP01.IX.A","OBS_VALUE","Guyana","Consumer price index (CPI)","Food and non-alcoholic beverages","Index","Annual","Units","","","","","","","","","","","","","","","","","",""
"IMF.STA:CPI(1.0.0)","HKG.CPI.CP01.IX.A","OBS_VALUE","Hong Kong Special Administrative Region, People's Republic of China","Consumer price index (CPI)","Food and non-alcoholic beverages","Index","Annual","Units","","44.55833333333335","45.68333333333332","48.91666666666668","57.15833333333335","57.70000000000002","59.7","65.59166666666668","69.86666666666667","72.90833333333332","75.50833333333335","77.98333333333332","80.8","81.68333333333332","85.21666666666665","93.5","100.7833333333334","102.2083333333333"
"IMF.STA:CPI(1.0.0)","HND.CPI.CP01.IX.A","OBS_VALUE","Honduras","Consumer price index (CPI)","Food and non-alcoholic beverages","Index","Annual","Units","131.1","144.275","150.3916666666666","164.7583333333333","193.0666666666666","199.975","203.6416666666666","216.1583333333333","222.6583333333333","233.9333333333333","249.65","257.7666666666668","260.2583333333332","264.375","273.6916666666668","279.625","292.725","301.225"
"IMF.STA:CPI(1.0.0)","HRV.CPI.CP01.IX.A","OBS_VALUE","Croatia, Republic of","Consumer price index (CPI)","Food and non-alcoholic beverages","Index","Annual","Units","","78.45","80.425","83.1","91.4","92.88333333333333","91.45833333333336","94.69166666666668","98.19999999999997","101.85","99.61666666666665","100.0083333333333","99.53333333333332","102.4333333333333","103.45","103.325","105.3166666666667","107.025"
"IMF.STA:CPI(1.0.0)","HTI.CPI.CP01.IX.A","OBS_VALUE","Haiti","Consumer price index (CPI)","Food and non-alcoholic beverages","Index","Annual","Units","33.7619699709833","38.070081454093","42.15716249174202","44.88119924457702","54.66453269298242","53.82398547394405","55.54902572749072","59.63176103094082","62.77172890507748","66.32885601305055","68.07815486107405","72.85232934517548","82.24380922918643","91.37880867643048","104.0446122958434","127.2666666666666","162.15","194.0166666666667"
"IMF.STA:CPI(1.0.0)","HUN.CPI.CP01.IX.A","OBS_VALUE","Hungary","Consumer price index (CPI)","Food and non-alcoholic beverages","Index","Annual","Units","86.45","87.88333333333333","95.06666666666665","106.4166666666666","117.475","122.0416666666667","125.4333333333334","134.5083333333333","142.5416666666666","146.3","145.1333333333334","145.9333333333334","146.375","150.2175","156.2583333333334","164.2416666666667","176.15","182.225"
"IMF.STA:CPI(1.0.0)","IDN.CPI.CP01.IX.A","OBS_VALUE","Indonesia","Consumer price index (CPI)","Food and non-alcoholic beverages","Index","Annual","Units","","","","","","","","","","","","","","","","","",""
"IMF.STA:CPI(1.0.0)","IND.CPI.CP01.IX.A","OBS_VALUE","India","Consumer price index (CPI)","Food and non-alcoholic beverages","Index","Annual","Units","","","","","","","","","","89.15749033854358","95.27645533088533","99.99999999999994","105.2672749081612","106.6823689696602","108.0188270403248","","",""
"IMF.STA:CPI(1.0.0)","IRL.CPI.CP01.IX.A","OBS_VALUE","Ireland","Consumer price index (CPI)","Food and non-alcoholic beverages","Index","Annual","Units","90.83333333333336","90.175","91.40833333333332","94.00833333333333","100.15","96.65833333333332","92.25833333333333","93.31666666666665","93.86666666666667","94.84166666666668","92.73333333333332","90.74166666666665","89.54166666666664","87.65000000000002","85.89166666666665","85.3","84.11666666666667","83.90833333333332"
"IMF.STA:CPI(1.0.0)","IRN.CPI.CP01.IX.A","OBS_VALUE","Iran, Islamic Republic of","Consumer price index (CPI)","Food and non-alcoholic beverages","Index","Annual","Units","","","","","","","","","","","","","","","","","",""
"IMF.STA:CPI(1.0.0)","IRQ.CPI.CP01.IX.A","OBS_VALUE","Iraq","Consumer price index (CPI)","Food and non-alcoholic beverages","Index","Annual","Units","","","","","","","","","","","","99.74641423743138","99.06666666666668","97.02499999999998","97.48333333333332","97.48333333333332","97.00833333333335","101.725"
"IMF.STA:CPI(1.0.0)","ISL.CPI.CP01.IX.A","OBS_VALUE","Iceland","Consumer price index (CPI)","Food and non-alcoholic beverages","Index","Annual","Units","93.00049916666669","90.594615","97.82473083333335","96.76514416666669","112.21665","131.889975","137.476025","142.7345416666667","151.4265583333333","159.13735","159.94105","164.482675","166.6551333333333","162.6224","166.6683583333334","173.0006166666666","181.4957083333333","187.870575"
"IMF.STA:CPI(1.0.0)","ISR.CPI.CP01.IX.A","OBS_VALUE","Israel","Consumer price index (CPI)","Food and non-alcoholic beverages","Index","Annual","Units","66.875","67.99166666666667","71.45","74.40833333333335","83.5","84.4","86.45833333333336","89.38333333333335","89.84166666666665","94.51666666666665","93.23333333333335","93.25833333333333","92.10000000000002","92.125","92.98333333333332","94.91666666666664","94.89999999999998","95.84166666666668"
"IMF.STA:CPI(1.0.0)","ITA.CPI.CP01.IX.A","OBS_VALUE","Italy","Consumer price index (CPI)","Food and non-alcoholic beverages","Index","Annual","Units","81.70120333333332","81.66220999999997","83.0826625","85.46122916666668","90.07909999999998","91.72794333333334","91.87834416666668","94.15594333333335","96.53799083333332","98.820465","98.935355","100.0153033333333","100.2083333333334","102.0916666666666","103.3416666666666","104.1333333333333","105.5916666666666","106.2"
"IMF.STA:CPI(1.0.0)","JAM.CPI.CP01.IX.A","OBS_VALUE","Jamaica","Consumer price index (CPI)","Food and non-alcoholic beverages","Index","Annual","Units","","","","","","","","","","","","","","","","","",""
"IMF.STA:CPI(1.0.0)","JOR.CPI.CP01.IX.A","OBS_VALUE","Jordan","Consumer price index (CPI)","Food and non-alcoholic beverages","Index","Annual","Units","","","62.70138968201595","68.67565390119913","82.26649253081325","83.66209601706608","87.45006328574333","91.14326041445786","95.29807694409652","99.331648628226","99.65078074277145","100.7711023523934","97.26741851732838","96.86832120447671","100.0000000000001","100.2773621194714","102.6095418019481","102.7101101420098"
"IMF.STA:CPI(1.0.0)","JPN.CPI.CP01.IX.A","OBS_VALUE","Japan","Consumer price index (CPI)","Food and non-alcoholic beverages","Index","Annual","Units","","","","","","","","","","","","","","","","","",""
"IMF.STA:CPI(1.0.0)","KAZ.CPI.CP01.IX.A","OBS_VALUE","Kazakhstan, Republic of","Consumer price index (CPI)","Food and non-alcoholic beverages","Index","Annual","Units","","17.97917867027303","19.54652386678747","22.02287497273032","27.56728472724525","28.95876344814792","30.6628938303347","34.53439270429512","36.05589770467525","37.4927428890482","39.65013059831175","41.93400658448462","47.35744369487002","51.40791116934132","53.85679193334518","58.18817858571408","64.24665729148302","71.11177463925142"
"IMF.STA:CPI(1.0.0)","KEN.CPI.CP01.IX.A","OBS_VALUE","Kenya","Consumer price index (CPI)","Food and non-alcoholic beverages","Index","Annual","Units","","","","","","","45.4921552092203","54.82140738524282","60.29192177073452","64.66669777541325","70.2981950701878","78.30261373176916","86.19759813611292","97.72677683539722","99.06750649223196","107.1685583689756","116.8713882455645","126.8051813418972"
"IMF.STA:CPI(1.0.0)","KGZ.CPI.CP01.IX.A","OBS_VALUE","Kyrgyz Republic","Consumer price index (CPI)","Food and non-alcoholic beverages","Index","Annual","Units","93.4130344596071","99.99746034850948","109.5072627732218","125.6275325703887","166.2447309361105","167.9838686955142","178.9635149007861","223.5427710001698","214.4499155362822","225.9903537855506","244.6206658673062","253.605421276111","237.1720390509393","243.0045110818728","237.75378740437","240.9580181336182","269.0963699145225","317.4454810063432"
"IMF.STA:CPI(1.0.0)","KHM.CPI.CP01.IX.A","OBS_VALUE","Cambodia","Consumer price index (CPI)","Food and non-alcoholic beverages","Index","Annual","Units","82.46616666666665","90.35483333333332","97.29625000000001","110.8240833333334","147.4255833333333","145.8475","152.07975","161.9411666666667","167.0743333333334","173.5580833333333","182.0421666666667","189.36575","199.9559166666667","206.7303333333333","211.8048333333333","216.19025","226.2361666666667","232.45"
"IMF.STA:CPI(1.0.0)","KIR.CPI.CP01.IX.A","OBS_VALUE","Kiribati","Consumer price index (CPI)","Food and non-alcoholic beverages","Index","Annual","Units","","","69.25636618415035","73.55316441698795","91.07845495988735","105.2700436551892","93.58268953235948","91.16642174361014","89.0065879199191","88.51549953949632","88.52183126580258","88.08306751082085","89.13163734145343","88.91863160882745","88.1891674964734","86.75745524502298","90.06246503560325","93.3038846886875"
"IMF.STA:CPI(1.0.0)","KNA.CPI.CP01.IX.A","OBS_VALUE","St. Kitts and Nevis","Consumer price index (CPI)","Food and non-alcoholic beverages","Index","Annual","Units","","","85.07187630659445","89.45289876304506","96.40304503588045","99.4943022195675","102.6158333333333","112.2391666666667","114.985","117.4133333333333","117.4216666666667","104.855","98.40500000000002","98.24083333333336","100.6058333333333","102.5623224416667","102.91259885","103.09266255"
"IMF.STA:CPI(1.0.0)","KOR.CPI.CP01.IX.A","OBS_VALUE","Korea, Republic of","Consumer price index (CPI)","Food and non-alcoholic beverages","Index","Annual","Units","59.66966666666668","61.52258333333335","61.84575","63.39416666666668","66.53241666666668","71.573","76.16225","82.36316666666664","85.6255","86.35991666666665","86.61241666666668","88.041","90.07258333333336","93.13366666666668","95.71675","95.76225","99.99999999999999","105.8858333333333"
"IMF.STA:CPI(1.0.0)","KOS.CPI.CP01.IX.A","OBS_VALUE","Kosovo, Republic of","Consumer price index (CPI)","Food and non-alcoholic beverages","Index","Annual","Units","","67.66331998479012","68.16202143326768","74.29420220713948","86.2445665465824","82.43965919893905","86.34923228268258","96.90200120478733","97.7701111336185","99.79675959379816","99.63280664732144","99.99999999999991","99.62794828103642","101.2094815581532","102.7502850363507","108.2568781253268","110.1046191221334","112.7392094475392"
"IMF.STA:CPI(1.0.0)","KWT.CPI.CP01.IX.A","OBS_VALUE","Kuwait","Consumer price index (CPI)","Food and non-alcoholic beverages","Index","Annual","Units","","","","","","","84.95321637426902","91.3625730994152","95.7309941520468","99.56725146198832","102.4561403508772","105.9239766081872","107.9473684210526","107.619298245614","107.6166666666667","108.775","114.0833333333333","124.9"
"IMF.STA:CPI(1.0.0)","LAO.CPI.CP01.IX.A","OBS_VALUE","Lao People's Democratic Republic","Consumer price index (CPI)","Food and non-alcoholic beverages","Index","Annual","Units","","46.2889539543838","50.45512422766672","54.74496159479075","60.7234098527302","62.01714464002945","67.16310560984331","74.0873986573723","78.23839810371945","88.09522055323588","94.15910406468213","98.44127992995048","102.6742656551911","102.5741741805848","103.8430772717956","108.7022767773234","118.0586599812467","121.6210540444086"
"IMF.STA:CPI(1.0.0)","LBN.CPI.CP01.IX.A","OBS_VALUE","Lebanon","Consumer price index (CPI)","Food and non-alcoholic beverages","Index","Annual","Units","","","","","79.005618788637","81.96652042397407","84.51392343963008","89.95179772872967","95.28619998216135","97.71426106050478","101.2561495756882","100.1469581565294","98.94100306573846","102.5487946827808","107.7019840048627","112.3301527030172","397.598937107028","1632.87039404295"
"IMF.STA:CPI(1.0.0)","LBR.CPI.CP01.IX.A","OBS_VALUE","Liberia","Consumer price index (CPI)","Food and non-alcoholic beverages","Index","Annual","Units","","","24.11145948465778","28.61130534816052","35.76342679268265","36.68956157565095","39.33225061842572","43.79920149775562","48.28833299498492","53.25058835028835","58.06904563192208","63.91982848285368","68.9629015971498","73.35108995583327","88.77879120775175","115.1044722842336","138.5640822292713","138.8642839995702"
"IMF.STA:CPI(1.0.0)","LBY.CPI.CP01.IX.A","OBS_VALUE","Libya","Consumer price index (CPI)","Food and non-alcoholic beverages","Index","Annual","Units","","","","","","","","","","","","","197.6","267.225","316.7416666666668","304.1583333333332","302.9833333333332","314.2083333333332"
"IMF.STA:CPI(1.0.0)","LCA.CPI.CP01.IX.A","OBS_VALUE","St. Lucia","Consumer price index (CPI)","Food and non-alcoholic beverages","Index","Annual","Units","","","","78.3595600402593","84.55724870838608","87.20180165783252","87.0414240493784","89.41353637525845","95.2361159089674","100.049639885","102.1453801583334","102.378821805","99.09281567916665","97.63538272333332","101.2041317333334","103.3908333333333","102.5491666666666","102.5016666666666"
"IMF.STA:CPI(1.0.0)","LKA.CPI.CP01.IX.A","OBS_VALUE","Sri Lanka","Consumer price index (CPI)","Food and non-alcoholic beverages","Index","Annual","Units","","","","","","","","","","","84.69055601317955","89.12535420098848","91.86271828665568","102.2821457990115","102.0540321252059","102.7316639209226","115.2443698517298","128.1462108731466"
"IMF.STA:CPI(1.0.0)","LSO.CPI.CP01.IX.A","OBS_VALUE","Lesotho, Kingdom of","Consumer price index (CPI)","Food and non-alcoholic beverages","Index","Annual","Units","","39.35159538849198","42.8870677574126","48.95709053881472","56.63257326291812","43.53954034199228","41.304382650026","44.1964740981136","48.50995775922755","51.07012778069415","53.8153833533513","57.17506150219025","63.937614146337","67.5858033527063","71.07465914286752","75.92850322968555","83.78209180751608","91.85571898680296"
"IMF.STA:CPI(1.0.0)","LTU.CPI.CP01.IX.A","OBS_VALUE","Lithuania, Republic of","Consumer price index (CPI)","Food and non-alcoholic beverages","Index","Annual","Units","61.34474166666665","63.74921666666668","67.63315833333336","75.247225","87.23301666666666","88.66475833333332","88.26245833333331","95.54754166666665","98.45965833333335","100.0999916666666","100.8689166666667","100.0","101.2333416666667","104.838325","106.3515166666667","109.4674833333334","111.9427416666667","115.0395583333333"
"IMF.STA:CPI(1.0.0)","LUX.CPI.CP01.IX.A","OBS_VALUE","Luxembourg","Consumer price index (CPI)","Food and non-alcoholic beverages","Index","Annual","Units","78.07701083333332","79.35499999999998","81.23666666666668","83.9675","88.47416666666668","89.7375","90.51666666666668","92.83333333333331","95.21666666666668","98.68833333333332","99.24000000000002","100.0016666666667","101.5308333333333","104.39","106.6983333333334","108.1941666666667","111.1441666666667","112.14"
"IMF.STA:CPI(1.0.0)","LVA.CPI.CP01.IX.A","OBS_VALUE","Latvia, Republic of","Consumer price index (CPI)","Food and non-alcoholic beverages","Index","Annual","Units","57.1952675","62.45033083333335","67.542835","76.65695","90.65651416666668","90.60435833333332","90.34194416666668","97.97506833333333","100.2415916666666","101.5540083333333","101.2791008333333","99.99999166666667","101.0695975","106.7194166666667","107.3351416666667","110.4629916666666","113.1094083333333","115.639975"
"IMF.STA:CPI(1.0.0)","MAC.CPI.CP01.IX.A","OBS_VALUE","Macao Special Administrative Region, People's Republic of China","Consumer price index (CPI)","Food and non-alcoholic beverages","Index","Annual","Units","43.79083333333332","45.53916666666668","47.22583333333335","51.09583333333335","59.89333333333332","63.20416666666668","66.19166666666668","71.57666666666668","77.67833333333336","82.82666666666668","87.88833333333332","92.17166666666668","94.82416666666668","96.28083333333332","98.93750000000001","102.7108333333333","106.1683333333333","106.4142940475"
"IMF.STA:CPI(1.0.0)","MAR.CPI.CP01.IX.A","OBS_VALUE","Morocco","Consumer price index (CPI)","Food and non-alcoholic beverages","Index","Annual","Units","","","","83.38539891556935","89.48952362509682","90.30650658404338","91.41574360960495","92.71096049573976","94.9227924089853","96.99513942680092","95.8261231603408","98.2837141750581","101.040201394268","101.0468435321456","102.0033113865221","100.7280209140202","101.6014717273432","102.2"
"IMF.STA:CPI(1.0.0)","MDG.CPI.CP01.IX.A","OBS_VALUE","Madagascar, Republic of","Consumer price index (CPI)","Food and non-alcoholic beverages","Index","Annual","Units","35.26432177597712","44.28407078829078","46.15317907534235","52.66032134464882","58.20655200408108","63.01230650185865","67.07721624522782","75.9994940599082","79.9210253705664","83.88166336465498","88.41310468268702","94.1797566679901","100.0083333333333","109.3333333333334","121.1416666666667","126.9666666666667","131.8083333333333","141.6141666666666"
"IMF.STA:CPI(1.0.0)","MDV.CPI.CP01.IX.A","OBS_VALUE","Maldives","Consumer price index (CPI)","Food and non-alcoholic beverages","Index","Annual","Units","","","","","","","","","","","","","","","","","",""
"IMF.STA:CPI(1.0.0)","MEX.CPI.CP01.IX.A","OBS_VALUE","Mexico","Consumer price index (CPI)","Food and non-alcoholic beverages","Index","Annual","Units","46.8200975","49.332545","51.13677166666668","54.52249083333332","58.96598583333332","64.1658975","66.28745916666668","69.17746","74.79635916666665","78.664995","82.39420833333335","85.68103916666668","89.51069083333336","95.74601666666665","100.3377558333333","104.7407833333333","111.6761916666667","119.7515833333333"
"IMF.STA:CPI(1.0.0)","MKD.CPI.CP01.IX.A","OBS_VALUE","North Macedonia, Republic of","Consumer price index (CPI)","Food and non-alcoholic beverages","Index","Annual","Units","84.14583333333331","83.13813754943618","84.854094629037","88.01442620851861","101.0990449578996","99.88154559149763","100.0000000000001","106.1578833830208","108.5918512931669","112.3158333333333","111.2291666666667","111.3058333333333","109.8566666666667","110.1325","111.035","112.8308333333333","115.555","119.1675"
"IMF.STA:CPI(1.0.0)","MLI.CPI.CP01.IX.A","OBS_VALUE","Mali","Consumer price index (CPI)","Food and non-alcoholic beverages","Index","Annual","Units","","","","","","","91.34482780828554","96.01642460414568","103.7279024890011","100.3055346611814","100.0894955030916","103.1403597526701","99.78646711635751","102.3483698707139","100.45","98.725","101.1916666666666","106.4333333333333"
"IMF.STA:CPI(1.0.0)","MLT.CPI.CP01.IX.A","OBS_VALUE","Malta","Consumer price index (CPI)","Food and non-alcoholic beverages","Index","Annual","Units","","","","","","","","","","","","","","","","","",""
"IMF.STA:CPI(1.0.0)","MMR.CPI.CP01.IX.A","OBS_VALUE","Myanmar","Consumer price index (CPI)","Food and non-alcoholic beverages","Index","Annual","Units","","","","","","","","","","105.807972218043","113.093777903018","127.941497833327","139.746000026357","145.888136116838","155.482435692099","169.483451166091","",""
"IMF.STA:CPI(1.0.0)","MNE.CPI.CP01.IX.A","OBS_VALUE","Montenegro","Consumer price index (CPI)","Food and non-alcoholic beverages","Index","Annual","Units","","","","","","","87.46498010199478","91.0448190981662","94.83992603479253","98.5551386272449","97.16717416742148","100.0","99.17393335320455","100.8954840407731","101.3279894682818","104.4904644275809","106.1660041773443","109.9207247394792"
"IMF.STA:CPI(1.0.0)","MNG.CPI.CP01.IX.A","OBS_VALUE","Mongolia","Consumer price index (CPI)","Food and non-alcoholic beverages","Index","Annual","Units","","","26.55767837910608","29.9628365643511","41.9926918416801","42.72099959612278","47.98525915455035","52.1506684168013","63.04973007539042","69.49589256865912","75.99955304254172","76.66397415185781","75.51401453957995","78.84889741518575","84.4316657632471","93.4427173572993","99.99999999999999","113.786864144325"
"IMF.STA:CPI(1.0.0)","MOZ.CPI.CP01.IX.A","OBS_VALUE","Mozambique, Republic of","Consumer price index (CPI)","Food and non-alcoholic beverages","Index","Annual","Units","","","","","47.40652794851398","50.73123134957942","58.50074529370648","66.21284510810615","68.2866647383518","71.94096777303734","74.6963143876395","78.59622231060332","99.99833333333332","116.3916666666667","116.3975","120.2108333333333","128.7491666666667","143.4708333333333"
"IMF.STA:CPI(1.0.0)","MRT.CPI.CP01.IX.A","OBS_VALUE","Mauritania, Islamic Republic of","Consumer price index (CPI)","Food and non-alcoholic beverages","Index","Annual","Units","","","","","","","68.92086478907382","73.30186815049085","76.45719369627112","79.83246501221335","83.8784027836659","88.6065070272808","90.6273680637785","93.42298622806942","97.34453268876612","99.9853199815838","102.1779868784531","108.093611878453"
"IMF.STA:CPI(1.0.0)","MSR.CPI.CP01.IX.A","OBS_VALUE","Montserrat, United Kingdom-British Overseas Territory","Consumer price index (CPI)","Food and non-alcoholic beverages","Index","Annual","Units","","","","","","","","","","","99.27756531333063","99.09019537327958","98.86916666666664","98.58666666666664","97.71666666666668","98.87166666666668","100.7372248633665","101.7875"
"IMF.STA:CPI(1.0.0)","MTQ.CPI.CP01.IX.A","OBS_VALUE","Martinique","Consumer price index (CPI)","Food and non-alcoholic beverages","Index","Annual","Units","","","","","","","90.67","91.1141666666667","93.9308333333333","97.0758333333334","98.285","100.000833333333","101.3075","","","","",""
"IMF.STA:CPI(1.0.0)","MUS.CPI.CP01.IX.A","OBS_VALUE","Mauritius","Consumer price index (CPI)","Food and non-alcoholic beverages","Index","Annual","Units","","","","","","","","","","","","","","","","","",""
"IMF.STA:CPI(1.0.0)","MWI.CPI.CP01.IX.A","OBS_VALUE","Malawi","Consumer price index (CPI)","Food and non-alcoholic beverages","Index","Annual","Units","","","","","","","","","","","31.25522799508328","38.71329284942715","49.02922025421698","54.89275680787352","61.62769824224748","71.0235782329554","80.27696929601362","89.4136086662871"
"IMF.STA:CPI(1.0.0)","MYS.CPI.CP01.IX.A","OBS_VALUE","Malaysia","Consumer price index (CPI)","Food and non-alcoholic beverages","Index","Annual","Units","78.04673423423422","80.88235294117645","83.60539215686275","86.1329656862745","93.7561274509804","97.63848039215685","99.99166666666665","104.8","107.6166666666667","111.45","115.175","119.3583333333333","123.975","129.15","130.9","133.0583333333333","134.75","137.1333333333333"
"IMF.STA:CPI(1.0.0)","NAM.CPI.CP01.IX.A","OBS_VALUE","Namibia","Consumer price index (CPI)","Food and non-alcoholic beverages","Index","Annual","Units","","53.15397531928842","56.6068462357601","63.35001781039872","73.98362198625757","81.77781193552055","84.3690807892379","88.52914081132162","96.53858590371615","102.8040656261181","111.305840252902","117.5749218868491","130.2450603699201","137.5234741309006","141.919592766142","148.0073432453138","155.7430886830208","164.6671522517356"
"IMF.STA:CPI(1.0.0)","NCL.CPI.CP01.IX.A","OBS_VALUE","New Caledonia","Consumer price index (CPI)","Food and non-alcoholic beverages","Index","Annual","Units","","","","","","","98.9358333333333","103.225","105.2625","107.253333333333","107.398333333333","109.4075","111.32","","","","",""
"IMF.STA:CPI(1.0.0)","NER.CPI.CP01.IX.A","OBS_VALUE","Niger","Consumer price index (CPI)","Food and non-alcoholic beverages","Index","Annual","Units","","","","","","","","","","98.73667386966459","97.49145807171757","96.65","99.51666666666668","102.9583333333333","102.2416666666666","97.51666666666665","102.5","110.1583333333334"
"IMF.STA:CPI(1.0.0)","NGA.CPI.CP01.IX.A","OBS_VALUE","Nigeria","Consumer price index (CPI)","Food and non-alcoholic beverages","Index","Annual","Units","","66.85583333333332","70.58916666666669","72.09416666666668","83.57333333333332","95.8568130426017","110.0976964245844","121.3229122394762","134.8887782320362","147.7135205302342","161.6683105003935","177.6135195815768","203.9559064478394","243.6179854135374","278.49772357881","316.6007457200478","367.51813636905","442.1320407017792"
"IMF.STA:CPI(1.0.0)","NIC.CPI.CP01.IX.A","OBS_VALUE","Nicaragua","Consumer price index (CPI)","Food and non-alcoholic beverages","Index","Annual","Units","","","","","","","154.6741666666666","168.765","183.2758333333333","200.4825","216.265","226.5237926666667","229.9640585833333","231.2987066666666","240.97888525","252.0071900833332","262.4960244166668","279.2406430833332"
"IMF.STA:CPI(1.0.0)","NLD.CPI.CP01.IX.A","OBS_VALUE","Netherlands, The","Consumer price index (CPI)","Food and non-alcoholic beverages","Index","Annual","Units","86.0825","84.97250000000003","86.36666666666665","87.25833333333333","92.17083333333332","93.16666666666664","93.0875","95.14916666666667","97.07166666666664","99.41583333333332","99.35666666666668","100.0008333333334","100.9508333333333","103.6408333333333","104.4591666666667","108.6891666666667","110.7425","110.5133333333334"
"IMF.STA:CPI(1.0.0)","NOR.CPI.CP01.IX.A","OBS_VALUE","Norway","Consumer price index (CPI)","Food and non-alcoholic beverages","Index","Annual","Units","80.14166666666668","81.425","82.55833333333332","84.79166666666664","88.35833333333332","92.05","92.24166666666667","92.15833333333332","93.275","94.25833333333333","97.175","99.98333333333335","102.5583333333333","102.5666666666667","105.1583333333333","106.275","109.7416666666666","107.5166666666667"
"IMF.STA:CPI(1.0.0)","NPL.CPI.CP01.IX.A","OBS_VALUE","Nepal","Consumer price index (CPI)","Food and non-alcoholic beverages","Index","Annual","Units","","","","","","","","","","","","","","114.4925","116.3275","123.1083333333334","132.4041666666667","137.885"
"IMF.STA:CPI(1.0.0)","NZL.CPI.CP01.IX.A","OBS_VALUE","New Zealand","Consumer price index (CPI)","Food and non-alcoholic beverages","Index","Annual","Units","74.2540175","75.1721525","77.4101","80.489675","87.28003","92.5592975","93.439175","98.297615","97.5899025","98.0107125","98.3167575","98.2593725","97.6664125","99.7897725","99.55","100.625","103.825","105.65"
"IMF.STA:CPI(1.0.0)","NRU.CPI.CP01.IX.A","OBS_VALUE","Nauru, Republic of","Consumer price index (CPI)","Food and non-alcoholic beverages","Index","Annual","Units","","","","","","","","","","","","","","","","","",""
"IMF.STA:CPI(1.0.0)","OMN.CPI.CP01.IX.A","OBS_VALUE","Oman","Consumer price index (CPI)","Food and non-alcoholic beverages","Index","Annual","Units","59.4511185374497","62.09112159320985","65.9952145099233","73.28317874672712","89.8573415774571","89.87092178442884","91.4622503277614","95.67683030154045","97.74827925270402","100.456174649723","102.1912675138482","101.3603779732812","100.1710654936462","100.7657217334636","100.0244379276637","101.3833333333334","102.5333333333333","103.0416666666666"
"IMF.STA:CPI(1.0.0)","PAK.CPI.CP01.IX.A","OBS_VALUE","Pakistan","Consumer price index (CPI)","Food and non-alcoholic beverages","Index","Annual","Units","","","","","","60.1608164069491","70.40213782633182","80.65426558426383","87.49390600460978","94.64345677692155","100.1230423027128","100.676481212699","103.1484311558384","106.538533935001","108.8711592989876","120.4913471347463","139.1107123343527","153.7252958205913"
"IMF.STA:CPI(1.0.0)","PAN.CPI.CP01.IX.A","OBS_VALUE","Panama","Consumer price index (CPI)","Food and non-alcoholic beverages","Index","Annual","Units","","60.32473127297245","61.11641929832305","65.22181947768603","74.95910812481257","79.2825780596614","81.55808855168705","86.37932640666648","93.3575585822119","98.72871147276418","101.9499469762006","101.15","102.6333333333333","102.0833333333334","101.4315833333333","101.92905","101.2508666666667","102.9113583333333"
"IMF.STA:CPI(1.0.0)","PER.CPI.CP01.IX.A","OBS_VALUE","Peru","Consumer price index (CPI)","Food and non-alcoholic beverages","Index","Annual","Units","","","","","","","","","","","","","","","","","",""
"IMF.STA:CPI(1.0.0)","PHL.CPI.CP01.IX.A","OBS_VALUE","Philippines","Consumer price index (CPI)","Food and non-alcoholic beverages","Index","Annual","Units","","","","","","","","","","","","","","","","","",""
"IMF.STA:CPI(1.0.0)","PLW.CPI.CP01.IX.A","OBS_VALUE","Palau, Republic of","Consumer price index (CPI)","Food and non-alcoholic beverages","Index","Annual","Units","65.44930056710776","64.50459357277884","63.69214555765598","67.07419659735352","78.75077504725898","85.96833648393195","87.6121266540643","91.8066257088847","95.9444423440454","98.94861058601136","100.3845652173913","102.009461247637","98.8919281663516","101.55","105.65","106.25","108.55","113.125"
"IMF.STA:CPI(1.0.0)","PNG.CPI.CP01.IX.A","OBS_VALUE","Papua New Guinea","Consumer price index (CPI)","Food and non-alcoholic beverages","Index","Annual","Units","","","","","","","101.9","101.35","100.275","98.55","103.375","108.4","113.9","117.125","118.049050424486","121.598950428625","124.3094926027182","129.7307346710012"
"IMF.STA:CPI(1.0.0)","POL.CPI.CP01.IX.A","OBS_VALUE","Poland, Republic of","Consumer price index (CPI)","Food and non-alcoholic beverages","Index","Annual","Units","97.2562175","99.36384083333331","99.99166666666667","104.6833333333333","110.5916666666666","115.7416666666666","118.9583333333333","125.0916666666667","130.2916666666666","132.6833333333333","131.4166666666666","129.2166666666667","130.4166666666666","136.0416666666667","139.5583333333333","146.2583333333334","152.9666666666667","157.6333333333334"
"IMF.STA:CPI(1.0.0)","PRT.CPI.CP01.IX.A","OBS_VALUE","Portugal","Consumer price index (CPI)","Food and non-alcoholic beverages","Index","Annual","Units","90.81591666666665","90.30125","92.73091666666669","95.00208333333332","98.53216666666665","95.14025","94.90833333333332","96.89833333333335","100.0000833333334","101.9390833333333","100.5710833333334","101.591","102.0888333333334","103.6525","104.4174166666666","104.7463333333334","106.93275","107.7195"
"IMF.STA:CPI(1.0.0)","PRY.CPI.CP01.IX.A","OBS_VALUE","Paraguay","Consumer price index (CPI)","Food and non-alcoholic beverages","Index","Annual","Units","","39.61120806670545","45.8221323195192","53.78132883057342","62.2939693620322","62.66724840023268","68.01434942796197","77.06515415939498","75.615668024045","78.05410122164048","83.09579212720575","85.52937754508439","90.5225906534807","95.74849718828779","99.47500000000002","100.6333333333333","101.85","111.2416666666666"
"IMF.STA:CPI(1.0.0)","QAT.CPI.CP01.IX.A","OBS_VALUE","Qatar","Consumer price index (CPI)","Food and non-alcoholic beverages","Index","Annual","Units","","","","","","","91.073435504153","94.22289660478508","97.17189226976402","99.3960645620305","99.63629173698668","100.4729450014891","98.6091134716569","100.5060797842417","100.4530641318376","100.3412342400476","100.2275","102.9016666666667"
"IMF.STA:CPI(1.0.0)","ROU.CPI.CP01.IX.A","OBS_VALUE","Romania","Consumer price index (CPI)","Food and non-alcoholic beverages","Index","Annual","Units","","","","","","","","","","","","","","","","","",""
"IMF.STA:CPI(1.0.0)","RUS.CPI.CP01.IX.A","OBS_VALUE","Russian Federation","Consumer price index (CPI)","Food and non-alcoholic beverages","Index","Annual","Units","51.51975166666668","58.41875833333332","63.78992166666665","69.40053833333334","84.05723583333332","93.82047833333336","99.99999833333332","110.8604583333333","114.5036","121.5480416666667","133.6572083333333","161.7059666666667","171.027125","175.6463916666666","178.485575","188.6102083333333","196.7683916666667","215.6675916666666"
"IMF.STA:CPI(1.0.0)","RWA.CPI.CP01.IX.A","OBS_VALUE","Rwanda","Consumer price index (CPI)","Food and non-alcoholic beverages","Index","Annual","Units","43.3244619429961","47.70172978794455","52.4343239801574","56.5408343243078","65.76885314332952","79.57132194889748","78.2216883504122","79.79655732523312","92.94543502369058","100.8778277650626","103.432183336327","107.2744304637433","120.9366659633778","136.0821882669287","126.0255916968246","130.7141491676211","150.8379144330536","144.5770155817676"
"IMF.STA:CPI(1.0.0)","SAU.CPI.CP01.IX.A","OBS_VALUE","Saudi Arabia","Consumer price index (CPI)","Food and non-alcoholic beverages","Index","Annual","Units","","","","","","","","85.08112083333334","88.858325","94.07416666666668","95.36666666666667","95.96666666666668","94.71","93.92666666666668","100.0008333333333","102.0808333333333","111.2808333333333","117.2783333333333"
"IMF.STA:CPI(1.0.0)","SDN.CPI.CP01.IX.A","OBS_VALUE","Sudan","Consumer price index (CPI)","Food and non-alcoholic beverages","Index","Annual","Units","77.4930741061384","85.4873193102501","87.2481660964533","91.9673284691584","118.549717353972","133.050626160024","153.799279699149","185.237774963918","257.010862675283","336.217481332011","440.523477775122","501.493067995844","570.847492730043","770.531709911925","1310.66120296582","2135.02830841793","","17420.0160808687"
"IMF.STA:CPI(1.0.0)","SEN.CPI.CP01.IX.A","OBS_VALUE","Senegal","Consumer price index (CPI)","Food and non-alcoholic beverages","Index","Annual","Units","69.76235650629096","72.47916023857042","73.47161093176781","78.81286746874612","89.06848858523585","86.18003639184364","89.59778407905328","95.556144743962","97.9350905252241","99.20346518251858","97.35987000359361","99.12877437093817","102.4094637004944","106.2342130478254","107.3594449536188","109.3299280675443","112.85","116.1666666666666"
"IMF.STA:CPI(1.0.0)","SGP.CPI.CP01.IX.A","OBS_VALUE","Singapore","Consumer price index (CPI)","Food and non-alcoholic beverages","Index","Annual","Units","","68.19316666666666","69.52916666666668","72.33616666666668","79.36525000000002","81.3675","83.2685","86.23341666666668","88.34308333333333","90.38758333333332","93.05833333333335","94.19816666666665","96.36608333333335","97.60749999999997","98.87033333333335","100.0","102.8983333333334","104.5455833333333"
"IMF.STA:CPI(1.0.0)","SLB.CPI.CP01.IX.A","OBS_VALUE","Solomon Islands","Consumer price index (CPI)","Food and non-alcoholic beverages","Index","Annual","Units","","","","","","","","","","","102.8741917427906","99.9042763747089","100.4256313809779","99.7445548987999","101.9416666666666","101.4833333333334","102.8416666666666","99.7"
"IMF.STA:CPI(1.0.0)","SLE.CPI.CP01.IX.A","OBS_VALUE","Sierra Leone","Consumer price index (CPI)","Food and non-alcoholic beverages","Index","Annual","Units","","","","23.8975","25.93166666666668","28.08333333333332","30.49666666666668","32.86083333333332","35.06333333333335","37.05583333333335","38.78083333333332","42.02333333333332","47.30333333333332","56.50083333333332","66.47833333333335","72.28166666666668","82.32416666666668","96.28916666666667"
"IMF.STA:CPI(1.0.0)","SLV.CPI.CP01.IX.A","OBS_VALUE","El Salvador","Consumer price index (CPI)","Food and non-alcoholic beverages","Index","Annual","Units","","","","","","103.3441666666667","104.4025","111.645","111.9758333333333","114.6491666666667","118.3066666666666","119.9325","119.2551347656651","119.4474540712703","120.0789099441812","121.4672566587072","123.3902524519152","126.1870108934527"
"IMF.STA:CPI(1.0.0)","SMR.CPI.CP01.IX.A","OBS_VALUE","San Marino, Republic of","Consumer price index (CPI)","Food and non-alcoholic beverages","Index","Annual","Units","","","","","","","","104.3875","108.344166666667","114.283333333333","117.544347765815","121.305","123.740833333333","126.766666666667","","","",""
"IMF.STA:CPI(1.0.0)","SOM.CPI.CP01.IX.A","OBS_VALUE","Somalia","Consumer price index (CPI)","Food and non-alcoholic beverages","Index","Annual","Units","","","","","","","","","","","","100.5714472439004","101.4233371416027","106.1650226352562","114.2336178353023","121.2934563871122","123.6216585848398","126.9797077318262"
"IMF.STA:CPI(1.0.0)","SRB.CPI.CP01.IX.A","OBS_VALUE","Serbia, Republic of","Consumer price index (CPI)","Food and non-alcoholic beverages","Index","Annual","Units","","","","107.1","131.8166666666666","139.0833333333333","142.7333333333334","163.725","175.1","188.2333333333334","186.4666666666666","190.125","189.5333333333333","195.7583333333334","199.4083333333333","204.525","209.7166666666666","219.0416666666667"
"IMF.STA:CPI(1.0.0)","SSD.CPI.CP01.IX.A","OBS_VALUE","South Sudan, Republic of","Consumer price index (CPI)","Food and non-alcoholic beverages","Index","Annual","Units","","","","","65.79208333333332","69.13233333333332","69.54558333333335","106.2248388258298","153.8405558808324","147.6975703245211","151.5636053994386","242.855856929903","1155.059997574814","3181.031036590222","5418.872401575452","11268.95127912556","13942.67950548477","8853.736521506386"
"IMF.STA:CPI(1.0.0)","STP.CPI.CP01.IX.A","OBS_VALUE","São Tomé and Príncipe, Democratic Republic of","Consumer price index (CPI)","Food and non-alcoholic beverages","Index","Annual","Units","","","","","","","","","","","","","104.9729741766057","111.883147638367","121.6026804453094","132.5473814978643","",""
"IMF.STA:CPI(1.0.0)","SUR.CPI.CP01.IX.A","OBS_VALUE","Suriname","Consumer price index (CPI)","Food and non-alcoholic beverages","Index","Annual","Units","","32.26327216404065","33.82015902762075","36.6649175469726","45.68620339502592","45.28441990577782","49.19615612793822","57.3514526468329","60.0135823074356","61.36851450710788","63.97189372002835","69.7441252048111","106.1504628093211","137.325","","157.875","226.2083333333333","364.8"
"IMF.STA:CPI(1.0.0)","SVK.CPI.CP01.IX.A","OBS_VALUE","Slovak Republic","Consumer price index (CPI)","Food and non-alcoholic beverages","Index","Annual","Units","113.4666666666667","111.9083333333333","113.5","118.025","127.075","122.9666666666666","124.9416666666666","132.5083333333333","138.0666666666666","142.9333333333333","141.7916666666667","141.3833333333333","137.45","142.9083333333333","148.475","154.4166666666667","158.3083333333333","161.2"
"IMF.STA:CPI(1.0.0)","SVN.CPI.CP01.IX.A","OBS_VALUE","Slovenia, Republic of","Consumer price index (CPI)","Food and non-alcoholic beverages","Index","Annual","Units","72.56333333333332","71.83333333333336","73.46916666666668","79.36416666666668","87.31416666666668","87.74083333333336","88.35666666666668","92.2325","96.02083333333336","99.475","99.17333333333335","99.99916666666668","100.9183333333333","103.1633333333333","105.9225","107.6175","111.405","111.1841666666667"
"IMF.STA:CPI(1.0.0)","SWE.CPI.CP01.IX.A","OBS_VALUE","Sweden","Consumer price index (CPI)","Food and non-alcoholic beverages","Index","Annual","Units","239.7383333333333","238.0941666666666","239.9108333333334","244.7741666666667","261.6891666666668","269.2558333333332","273.1558333333332","276.6483333333332","280.755","286.9566666666668","288.0216666666668","294.7333333333332","297.8408333333332","304.2241666666668","311.4483333333332","320.1941666666668","327.0158333333332","328.3566666666668"
"IMF.STA:CPI(1.0.0)","SWZ.CPI.CP01.IX.A","OBS_VALUE","Eswatini, Kingdom of","Consumer price index (CPI)","Food and non-alcoholic beverages","Index","Annual","Units","","","35.2121164396014","41.0826385776778","48.8369940999658","53.7371417114538","53.9547034567207","57.1697591799348","64.6595061556405","68.3183052014517","72.6575839455273","75.671599395961","87.0748079723467","93.986541850055","93.946532976368","95.966106796423","",""
"IMF.STA:CPI(1.0.0)","SXM.CPI.CP01.IX.A","OBS_VALUE","Sint Maarten, Kingdom of the Netherlands","Consumer price index (CPI)","Food and non-alcoholic beverages","Index","Annual","Units","","","","","","","","","","","","","","","","","",""
"IMF.STA:CPI(1.0.0)","SYC.CPI.CP01.IX.A","OBS_VALUE","Seychelles","Consumer price index (CPI)","Food and non-alcoholic beverages","Index","Annual","Units","","","","44.80166666666668","62.275","87.70416666666668","84.39","87.95333333333335","93.19333333333331","99.48916666666668","100.0","100.4783333333333","100.5141666666666","100.8608333333334","100.8033333333333","100.7709904942939","103.312643739222","118.3659512897364"
"IMF.STA:CPI(1.0.0)","SYR.CPI.CP01.IX.A","OBS_VALUE","Syrian Arab Republic","Consumer price index (CPI)","Food and non-alcoholic beverages","Index","Annual","Units","","","","","","","","","","","","","","","","","",""
"IMF.STA:CPI(1.0.0)","TCD.CPI.CP01.IX.A","OBS_VALUE","Chad","Consumer price index (CPI)","Food and non-alcoholic beverages","Index","Annual","Units","","","","","","","87.90742771972079","89.58117175355206","100.1257591666888","98.29061838673805","100.7833014656938","97.48638379943642","93.53668640836995","89.9940113076022","88.27323879694355","83.667692800558","91.5656507413509","90.07493822075782"
"IMF.STA:CPI(1.0.0)","TGO.CPI.CP01.IX.A","OBS_VALUE","Togo","Consumer price index (CPI)","Food and non-alcoholic beverages","Index","Annual","Units","65.13817042581908","72.22531438512365","71.43007439396789","73.44068477739735","88.4104803493449","96.81869193354875","96.48360079696958","97.598828943687","100.8837256186318","101.5195443231441","97.11670240174672","106.81","111.5708333333333","107.7866666666666","108.105","107.5466666666667","110.7975","120.7566666666666"
"IMF.STA:CPI(1.0.0)","THA.CPI.CP01.IX.A","OBS_VALUE","Thailand","Consumer price index (CPI)","Food and non-alcoholic beverages","Index","Annual","Units","","","","","","","","84.06424429013418","88.13982321483668","91.14291823893421","94.72883926257678","95.80412521125642","97.34525165236084","97.34511901395175","97.73927297676285","100.002112478004","101.2292155291604","101.1025"
"IMF.STA:CPI(1.0.0)","TJK.CPI.CP01.IX.A","OBS_VALUE","Tajikistan, Republic of","Consumer price index (CPI)","Food and non-alcoholic beverages","Index","Annual","Units","","","","","","","","","","","","","","","","","",""
"IMF.STA:CPI(1.0.0)","TLS.CPI.CP01.IX.A","OBS_VALUE","Timor-Leste, Democratic Republic of","Consumer price index (CPI)","Food and non-alcoholic beverages","Index","Annual","Units","","","","","","","","","","98.77499999999998","99.46666666666668","99.78333333333335","97.65","98.575","100.2833333333333","101.3583333333333","102.275","108.0166666666666"
"IMF.STA:CPI(1.0.0)","TON.CPI.CP01.IX.A","OBS_VALUE","Tonga","Consumer price index (CPI)","Food and non-alcoholic beverages","Index","Annual","Units","","55.23754584294435","56.8619618816001","61.03956030447552","65.73469966960359","70.89460619720778","73.0039699858993","77.8036978549809","78.94914462429264","80.41611896233562","83.35137518094488","84.89927622055532","86.02614817739175","93.3954040005264","99.15833333333335","100.875","102.7916666666666","110.2333333333333"
"IMF.STA:CPI(1.0.0)","TTO.CPI.CP01.IX.A","OBS_VALUE","Trinidad and Tobago","Consumer price index (CPI)","Food and non-alcoholic beverages","Index","Annual","Units","19.42472935050233","23.88137906498794","29.42364526879615","34.55180466347895","43.50951902811868","49.01227306050895","59.83865247657402","66.08514207010975","78.71678839843338","85.59992590240287","94.18598496877323","102.2512407097706","109.8873953882564","113.1","114.3666666666667","115.0166666666666","118.2416666666666","123.4434672683567"
"IMF.STA:CPI(1.0.0)","TUN.CPI.CP01.IX.A","OBS_VALUE","Tunisia","Consumer price index (CPI)","Food and non-alcoholic beverages","Index","Annual","Units","","60.47380508446952","62.47826195538195","65.0813032959133","68.67240836388459","72.70518265067838","75.99179996214347","79.47840979319682","85.05055963837842","91.1648455984172","95.67943715837498","100.0000000000001","102.71520613297","108.5053173450102","116.3674353078828","124.3656964892075","130.1666666666666","138.4166666666666"
"IMF.STA:CPI(1.0.0)","TUR.CPI.CP01.IX.A","OBS_VALUE","Türkiye, Republic of","Consumer price index (CPI)","Food and non-alcoholic beverages","Index","Annual","Units","106.815","112.0783333333333","122.945","138.2108333333333","155.8841666666667","168.3875","186.2","197.815","214.4566666666667","233.9725","263.4925","292.8616666666668","309.8116666666668","349.155","411.8716666666665","492.3341666666665","560.5175","696.5883333333333"
"IMF.STA:CPI(1.0.0)","TWN.CPI.CP01.IX.A","OBS_VALUE","Taiwan Province of China","Consumer price index (CPI)","Food and non-alcoholic beverages","Index","Annual","Units","","","","","","","","","","","","","","","","","",""
"IMF.STA:CPI(1.0.0)","TUV.CPI.CP01.IX.A","OBS_VALUE","Tuvalu","Consumer price index (CPI)","Food and non-alcoholic beverages","Index","Annual","Units","","","","","","","","","","","","","","","","","",""
"IMF.STA:CPI(1.0.0)","TZA.CPI.CP01.IX.A","OBS_VALUE","Tanzania, United Republic of","Consumer price index (CPI)","Food and non-alcoholic beverages","Index","Annual","Units","","","","","","","","","","","","","","","","","",""
"IMF.STA:CPI(1.0.0)","UGA.CPI.CP01.IX.A","OBS_VALUE","Uganda","Consumer price index (CPI)","Food and non-alcoholic beverages","Index","Annual","Units","","","","","","","","","","","","","","","","","",""
"IMF.STA:CPI(1.0.0)","UKR.CPI.CP01.IX.A","OBS_VALUE","Ukraine","Consumer price index (CPI)","Food and non-alcoholic beverages","Index","Annual","Units","","49.74166666666668","52.38333333333332","57.43333333333335","77.93333333333332","87.24166666666667","96.74166666666667","102.9333333333333","100.7416666666667","98.575","110.4583333333333","161.1916666666667","175.6333333333333","198.2583333333333","220.3583333333334","237.9833333333333","244.525","270.9166666666668"
"IMF.STA:CPI(1.0.0)","URY.CPI.CP01.IX.A","OBS_VALUE","Uruguay","Consumer price index (CPI)","Food and non-alcoholic beverages","Index","Annual","Units","","","","","","","","","","","","","","","","","",""
"IMF.STA:CPI(1.0.0)","USA.CPI.CP01.IX.A","OBS_VALUE","United States","Consumer price index (CPI)","Food and non-alcoholic beverages","Index","Annual","Units","86.26168252392482","87.92575559420501","89.47400666495102","93.2399882363571","99.20757354878864","99.6701195264151","100.0","104.8022673763669","107.3843245314626","108.355167196584","110.9639316738487","112.2596691929938","110.7718368263678","110.5478766211986","111.0514937048902","112.0344452059332","115.9612863526748","119.9841749231569"
"IMF.STA:CPI(1.0.0)","UZB.CPI.CP01.IX.A","OBS_VALUE","Uzbekistan, Republic of","Consumer price index (CPI)","Food and non-alcoholic beverages","Index","Annual","Units","","","","","","","","","","","","","","","","","100.0","114.417153402835"
"IMF.STA:CPI(1.0.0)","VCT.CPI.CP01.IX.A","OBS_VALUE","St. Vincent and the Grenadines","Consumer price index (CPI)","Food and non-alcoholic beverages","Index","Annual","Units","","","","","","","","105.4","108.875","111.05","112.8583333333333","111.4916666666667","110.8166666666666","113.5583333333333","116.1916666666666","116.8333333333334","118.9333333333333","121.7266666666667"
"IMF.STA:CPI(1.0.0)","VGB.CPI.CP01.IX.A","OBS_VALUE","British Virgin Islands","Consumer price index (CPI)","Food and non-alcoholic beverages","Index","Annual","Units","","","","","","","","","","104.417916416942","106.083289456912","107.53712599366","108.760282570143","","","","",""
"IMF.STA:CPI(1.0.0)","VEN.CPI.CP01.IX.A","OBS_VALUE","Venezuela, República Bolivariana de","Consumer price index (CPI)","Food and non-alcoholic beverages","Index","Annual","Units","","","","","","","","","","","","","","","","","",""
"IMF.STA:CPI(1.0.0)","VNM.CPI.CP01.IX.A","OBS_VALUE","Vietnam","Consumer price index (CPI)","Food and non-alcoholic beverages","Index","Annual","Units","27.78624558801028","30.89058241854565","33.56159722197765","37.33494113868128","51.11243230984008","55.38330743351172","61.34263355700372","77.71433204361142","83.850951315482","86.10407788854212","89.54825093655973","90.87252941572417","93.0201844630448","92.0159771750612","94.99484367616132","98.86650066215998","108.7090225171736","109.4977903749572"
"IMF.STA:CPI(1.0.0)","VUT.CPI.CP01.IX.A","OBS_VALUE","Vanuatu","Consumer price index (CPI)","Food and non-alcoholic beverages","Index","Annual","Units","109.15","108.7","112.5","116.75","126.15","135.225","141.375","142.45","145.425","147.6","150.075","155.5","159.0","169.825","176.8","186.375","207.675","217.3"
"IMF.STA:CPI(1.0.0)","WBG.CPI.CP01.IX.A","OBS_VALUE","West Bank and Gaza","Consumer price index (CPI)","Food and non-alcoholic beverages","Index","Annual","Units","66.20625067423848","68.7892440313331","72.9847249015233","76.22986437193877","89.3879976605276","92.60357068603092","95.75242059266564","98.0545940450551","100.1355917210996","100.9397053370623","101.3108592936107","103.2399215941593","101.6879159553654","100.7046615203375","100.0000000000001","103.3274748267837","100.7799506085496","101.6437977948128"
"IMF.STA:CPI(1.0.0)","WSM.CPI.CP01.IX.A","OBS_VALUE","Samoa","Consumer price index (CPI)","Food and non-alcoholic beverages","Index","Annual","Units","","64.48668224299068","67.06997663551402","72.26600467289722","82.422546728972","90.81273364485985","89.45116822429908","95.57567726737338","97.4602473498233","98.13751472320378","94.81007067137809","97.92402826855123","103.6516260172199","105.0614085542771","111.0079531487025","112.0712438435927","110.370058655681","114.1458399464232"
"IMF.STA:CPI(1.0.0)","YEM.CPI.CP01.IX.A","OBS_VALUE","Yemen, Republic of","Consumer price index (CPI)","Food and non-alcoholic beverages","Index","Annual","Units","","","","","","","","","","","","","","","","","",""
"IMF.STA:CPI(1.0.0)","ZAF.CPI.CP01.IX.A","OBS_VALUE","South Africa","Consumer price index (CPI)","Food and non-alcoholic beverages","Index","Annual","Units","33.31412666666668","33.87665333333332","35.89452833333332","39.4825375","45.65833333333335","49.93333333333332","50.53333333333332","54.11666666666668","57.99166666666665","61.26666666666668","66.16666666666664","69.45833333333331","77.55","82.85","85.45833333333331","88.49166666666667","92.375","98.00833333333333"
"IMF.STA:CPI(1.0.0)","ZMB.CPI.CP01.IX.A","OBS_VALUE","Zambia","Consumer price index (CPI)","Food and non-alcoholic beverages","Index","Annual","Units","","","","","","","","","119.14","126.9116666666667","136.1016666666667","151.1625","183.3433333333333","193.9058333333333","207.755","229.4458333333334","266.6991666666668","340.6041666666668"
"IMF.STA:CPI(1.0.0)","ZWE.CPI.CP01.IX.A","OBS_VALUE","Zimbabwe","Consumer price index (CPI)","Food and non-alcoholic beverages","Index","Annual","Units","","","","","","1.384017253829886","1.436787409088564","1.494354851188941","1.563043276422344","1.589428354051684","1.540365193170682","1.488467271883221","1.440058286480632","1.476474054778976","1.695840898540259","7.73715144168773","54.23899726620932","111.6230521741373"
"IMF.STA:CPI(1.0.0)","FJI.CPI.CP01.IX.A","OBS_VALUE","Fiji, Republic of","Consumer price index (CPI)","Food and non-alcoholic beverages","Index","Annual","Units","","","","","76.367760711096","78.95","82.14166666666668","90.83333333333331","94.775","98.1","100.0083333333333","104.7666666666666","111.0416666666667","108.6416666666666","112.375","117.8583333333334","115.05","122.5333333333333"
"IMF.STA:CPI(1.0.0)","BIH.CPI.CP01.IX.A","OBS_VALUE","Bosnia and Herzegovina","Consumer price index (CPI)","Food and non-alcoholic beverages","Index","Annual","Units","","78.0983587047505","84.55256272697815","86.98785157795518","97.47110403263095","96.63211295957142","95.8687405391825","101.6402464352458","103.4162308318576","103.4691743438203","100.7093050411784","99.99999999999994","98.66883333333332","99.97550833333332","100.581575","101.671375","102.7113916666667","106.3451333333333"
"IMF.STA:CPI(1.0.0)","MDA.CPI.CP01.IX.A","OBS_VALUE","Moldova, Republic of","Consumer price index (CPI)","Food and non-alcoholic beverages","Index","Annual","Units","","","","","","","","","","35.05970408675805","37.35662407842385","41.12646559848128","44.18998842731868","47.7304198809879","50.33669797243532","54.24413813440195","58.32027631866885","62.46540846821045"
